"1","Dr. Holly Bergnaum MD","092886267","09291287398","Sit similique labore fugit sint accusantium necessitatibus fugit.","Sint qui expedita aspernatur dolores fugiat sequi.","2021-04-28T06:01:58.000000Z","2021-04-28T06:01:58.000000Z"
"2","Laverne Aufderhar","092886267","09291287398","Sunt repellendus qui labore enim.","Quia quo veniam quis enim rerum sit inventore.","2021-04-28T06:01:58.000000Z","2021-04-28T06:01:58.000000Z"
"3","June Waelchi IV","092886267","09291287398","Sed qui voluptas corrupti animi totam quisquam.","Rerum ut assumenda aliquid et.","2021-04-28T06:01:58.000000Z","2021-04-28T06:01:58.000000Z"
"4","Murl Fadel I","092886267","09291287398","Aut nisi placeat omnis sed et autem earum.","Voluptatem quia inventore eligendi possimus.","2021-04-28T06:01:58.000000Z","2021-04-28T06:01:58.000000Z"
"5","Telly Bartoletti","092886267","09291287398","Commodi harum eius voluptas.","Aut vel aut in quaerat quis necessitatibus vero dolorem.","2021-04-28T06:01:58.000000Z","2021-04-28T06:01:58.000000Z"
"6","Miss Ona Green Sr.","092886267","09291287398","Vero voluptas labore sed id adipisci dicta consequatur.","Quo explicabo suscipit doloribus.","2021-04-28T06:01:58.000000Z","2021-04-28T06:01:58.000000Z"
"7","Mrs. Tressa Christiansen","092886267","09291287398","Sint vero tempore sunt iste alias inventore dolores vero.","Beatae unde sit vitae.","2021-04-28T06:01:58.000000Z","2021-04-28T06:01:58.000000Z"
"8","Jeanette Breitenberg","092886267","09291287398","Magni illum praesentium qui reprehenderit doloribus ipsa.","Quisquam sapiente exercitationem facilis.","2021-04-28T06:01:58.000000Z","2021-04-28T06:01:58.000000Z"
"9","Dr. Torrance Weber","092886267","09291287398","Excepturi autem nihil repellendus repellat ratione nemo.","Ut minus qui sapiente quod qui dignissimos.","2021-04-28T06:01:58.000000Z","2021-04-28T06:01:58.000000Z"
"10","Trevor Schinner","092886267","09291287398","Eum placeat aperiam accusantium quia odit.","Voluptates ad ut magnam.","2021-04-28T06:01:58.000000Z","2021-04-28T06:01:58.000000Z"
